legacy_id,old_location,old_value,new_entity,new_location,status,approval
LC-001,https://sites.google.com/view/ntust-siph-lab/,NTUST SiPh Lab,SiteSetting,site_settings.lab_name_zh / lab_name_en（Header、首頁、metadata）,MIGRATED,
LC-002,https://lh3.googleusercontent.com/sitesv/AG8ngQWhYT3sStHw2D7sQACr48AsQ0BqaPJCVGWCgOQ3msTsT8WYE3trBu0SakHjobHnusZiWteIMBQjVnuFsnfJAGqYIPWMrFbOYIYnJ5bAUyoqx35C1yK8AXohFdidSjJGd6PLSUFJIJXe4eZOHcGgY8GSR7hMqVjnCUvNNnxJgkJZ92HLULmPQFpf2O9csFTP0kLsfl7P7sBX5NVjDPzjto2TPz4w373IdRY4VRignH0=w1280,教授頁首圖片（Google Sites 圖片資產，400x468 JPEG，40847 bytes）,Asset + Person,people.photo_path（/about、/members、/people/chun-liang-yang）,MIGRATED,
LC-003,https://sites.google.com/view/ntust-siph-lab/,Chun-Liang Yang / 楊淳良,Person,people.name_zh / name_en（/people/chun-liang-yang）,MIGRATED,
LC-004,https://sites.google.com/view/ntust-siph-lab/,副教授 / Associate Professor,Person,people.title_zh / title_en,MIGRATED,
LC-005,https://sites.google.com/view/ntust-siph-lab/,國立臺灣科技大學電子工程博士,Person,people.education_zh,MIGRATED,
LC-006,https://sites.google.com/view/ntust-siph-lab/,光電感測技術,SiteSetting + Person,site_settings.research_focus_json（/、/about 研究方向） + people.research_focus_zh（/people/chun-liang-yang）,MIGRATED,
LC-007,https://sites.google.com/view/ntust-siph-lab/,矽光子技術,SiteSetting + Person,site_settings.research_focus_json（/、/about 研究方向） + people.research_focus_zh（/people/chun-liang-yang）,MIGRATED,
LC-008,https://sites.google.com/view/ntust-siph-lab/,光通道效能監視,SiteSetting + Person,site_settings.research_focus_json（/、/about 研究方向） + people.research_focus_zh（/people/chun-liang-yang）,MIGRATED,
LC-009,https://sites.google.com/view/ntust-siph-lab/,光通訊系統,SiteSetting + Person,site_settings.research_focus_json（/、/about 研究方向） + people.research_focus_zh（/people/chun-liang-yang）,MIGRATED,
LC-010,https://sites.google.com/view/ntust-siph-lab/,物聯網平台,SiteSetting + Person,site_settings.research_focus_json（/、/about 研究方向） + people.research_focus_zh（/people/chun-liang-yang）,MIGRATED,
LC-011,https://sites.google.com/view/ntust-siph-lab/,人工智慧技術應用,SiteSetting + Person,site_settings.research_focus_json（/、/about 研究方向） + people.research_focus_zh（/people/chun-liang-yang）,MIGRATED,
LC-012,https://sites.google.com/view/ntust-siph-lab/,yangcl@mail.ntust.edu.tw,Person + SiteSetting,people.email_public + site_settings.contact_email（/join、footer）,MIGRATED,
LC-013,https://innc.ntust.edu.tw/p/412-1111-12071.php?Lang=zh-tw,NTUST Website -> https://innc.ntust.edu.tw/p/412-1111-12071.php?Lang=zh-tw,Person + SiteSetting,people.external_url + site_settings.official_ntust_url（footer、/about）,MIGRATED,
LC-014,https://sites.google.com/view/ntust-siph-lab/,研究室成員（section 概念）,Page,/members（並擴充為 /alumni 與 /people/<slug> 個人頁）,MIGRATED,
LC-015,https://sites.google.com/view/ntust-siph-lab/,碩二生 陳泓序,Person(status=current),people.name_zh（/members 與個人頁）,MIGRATED,
LC-016,https://sites.google.com/view/ntust-siph-lab/,碩二生 謝卓雅,Person(status=current),people.name_zh（/members 與個人頁）,MIGRATED,
LC-017,https://sites.google.com/view/ntust-siph-lab/,碩二生 鍾宇辰,Person(status=current),people.name_zh（/members 與個人頁）,MIGRATED,
LC-018,https://sites.google.com/view/ntust-siph-lab/,碩二生 陳志翰,Person(status=current),people.name_zh（/members 與個人頁）,MIGRATED,
LC-019,https://sites.google.com/view/ntust-siph-lab/,Google Calendar 嵌入：台灣假日日曆（agenda 檢視）,—（不搬遷）,—（經核准不搬遷，新站無對應位置）,APPROVED_REMOVE,核准人：研究室管理者（本專案委託人）｜核准日期：2026-08-15｜理由：台灣假日日曆屬第三方通用行事曆，非 NTUST SiPh Lab 之研究內容，對研究室官網訪客無資訊價值；且第三方 iframe 會增加 LCP 負擔與 CSP 例外。決策依 SAI §22.1 由管理者明確批准，非 Agent 自行省略（ADR-011 / §23.1）。
