legacy_id,source_url,captured_at,content_type,source_value,target_entity,target_url_or_field,status,approval,verification,notes
LC-001,https://sites.google.com/view/ntust-siph-lab/,2026-08-15T00:00:00+08:00,text,NTUST SiPh Lab,SiteSetting,site_settings.lab_name_zh / lab_name_en（Header、首頁、metadata）,MIGRATED,,exact text match（tests/test_legacy_migration.py::test_lab_name_migrated）,
LC-002,https://lh3.googleusercontent.com/sitesv/AG8ngQWhYT3sStHw2D7sQACr48AsQ0BqaPJCVGWCgOQ3msTsT8WYE3trBu0SakHjobHnusZiWteIMBQjVnuFsnfJAGqYIPWMrFbOYIYnJ5bAUyoqx35C1yK8AXohFdidSjJGd6PLSUFJIJXe4eZOHcGgY8GSR7hMqVjnCUvNNnxJgkJZ92HLULmPQFpf2O9csFTP0kLsfl7P7sBX5NVjDPzjto2TPz4w373IdRY4VRignH0=w1280,2026-08-15T00:00:00+08:00,image,教授頁首圖片（Google Sites 圖片資產，400x468 JPEG，40847 bytes）,Asset + Person,people.photo_path（/about、/members、/people/chun-liang-yang）,MIGRATED,,checksum sha256=1d46458f9eace22ef75c9436995216ab12b1240a4dfa2edca3622ebf68221a1f；原檔保存於 legacy/google_sites/assets/LC-002_professor_photo.jpg,原檔已成功下載，未使用替代圖，符合 AC-24。
LC-003,https://sites.google.com/view/ntust-siph-lab/,2026-08-15T00:00:00+08:00,person,Chun-Liang Yang / 楊淳良,Person,people.name_zh / name_en（/people/chun-liang-yang）,MIGRATED,,exact text match,
LC-004,https://sites.google.com/view/ntust-siph-lab/,2026-08-15T00:00:00+08:00,text,副教授 / Associate Professor,Person,people.title_zh / title_en,MIGRATED,,exact text match,
LC-005,https://sites.google.com/view/ntust-siph-lab/,2026-08-15T00:00:00+08:00,text,國立臺灣科技大學電子工程博士,Person,people.education_zh,MIGRATED,,exact text match,
LC-006,https://sites.google.com/view/ntust-siph-lab/,2026-08-15T00:00:00+08:00,text,光電感測技術,SiteSetting + Person,site_settings.research_focus_json（/、/about 研究方向） + people.research_focus_zh（/people/chun-liang-yang）,MIGRATED,,exact set comparison（六項皆須存在且順序一致）,
LC-007,https://sites.google.com/view/ntust-siph-lab/,2026-08-15T00:00:00+08:00,text,矽光子技術,SiteSetting + Person,site_settings.research_focus_json（/、/about 研究方向） + people.research_focus_zh（/people/chun-liang-yang）,MIGRATED,,exact set comparison（六項皆須存在且順序一致）,
LC-008,https://sites.google.com/view/ntust-siph-lab/,2026-08-15T00:00:00+08:00,text,光通道效能監視,SiteSetting + Person,site_settings.research_focus_json（/、/about 研究方向） + people.research_focus_zh（/people/chun-liang-yang）,MIGRATED,,exact set comparison（六項皆須存在且順序一致）,
LC-009,https://sites.google.com/view/ntust-siph-lab/,2026-08-15T00:00:00+08:00,text,光通訊系統,SiteSetting + Person,site_settings.research_focus_json（/、/about 研究方向） + people.research_focus_zh（/people/chun-liang-yang）,MIGRATED,,exact set comparison（六項皆須存在且順序一致）,
LC-010,https://sites.google.com/view/ntust-siph-lab/,2026-08-15T00:00:00+08:00,text,物聯網平台,SiteSetting + Person,site_settings.research_focus_json（/、/about 研究方向） + people.research_focus_zh（/people/chun-liang-yang）,MIGRATED,,exact set comparison（六項皆須存在且順序一致）,
LC-011,https://sites.google.com/view/ntust-siph-lab/,2026-08-15T00:00:00+08:00,text,人工智慧技術應用,SiteSetting + Person,site_settings.research_focus_json（/、/about 研究方向） + people.research_focus_zh（/people/chun-liang-yang）,MIGRATED,,exact set comparison（六項皆須存在且順序一致）,
LC-012,https://sites.google.com/view/ntust-siph-lab/,2026-08-15T00:00:00+08:00,text,yangcl@mail.ntust.edu.tw,Person + SiteSetting,people.email_public + site_settings.contact_email（/join、footer）,MIGRATED,,exact text match（小寫正規化後比對）,
LC-013,https://innc.ntust.edu.tw/p/412-1111-12071.php?Lang=zh-tw,2026-08-15T00:00:00+08:00,external_link,NTUST Website -> https://innc.ntust.edu.tw/p/412-1111-12071.php?Lang=zh-tw,Person + SiteSetting,people.external_url + site_settings.official_ntust_url（footer、/about）,MIGRATED,,HTTP check 200（2026-08-15 驗證通過，URL 未變更）,
LC-014,https://sites.google.com/view/ntust-siph-lab/,2026-08-15T00:00:00+08:00,section,研究室成員（section 概念）,Page,/members（並擴充為 /alumni 與 /people/<slug> 個人頁）,MIGRATED,,頁面存在且列出全部四位成員（MIGRATE + EXPAND）,SAI §2.1 標示為 MIGRATE + EXPAND：新站新增個人詳細頁與畢業生分流。
LC-015,https://sites.google.com/view/ntust-siph-lab/,2026-08-15T00:00:00+08:00,person,碩二生 陳泓序,Person(status=current),people.name_zh（/members 與個人頁）,MIGRATED,,exact text match（四筆姓名皆須存在於 /members）,母站僅提供姓名與年級。英文姓名、研究方向、論文題目母站不存在，依 SAI §2.3 不得推測填入；已以 legacy_pending_detail 標記待補，並經 2026-08-16 管理者裁示同意先行發布（委託人理由：後台管理員可自行補齊；見 docs/adr/ADR-012-legacy-pending-publish-exemption.md）。
LC-016,https://sites.google.com/view/ntust-siph-lab/,2026-08-15T00:00:00+08:00,person,碩二生 謝卓雅,Person(status=current),people.name_zh（/members 與個人頁）,MIGRATED,,exact text match（四筆姓名皆須存在於 /members）,母站僅提供姓名與年級。英文姓名、研究方向、論文題目母站不存在，依 SAI §2.3 不得推測填入；已以 legacy_pending_detail 標記待補，並經 2026-08-16 管理者裁示同意先行發布（委託人理由：後台管理員可自行補齊；見 docs/adr/ADR-012-legacy-pending-publish-exemption.md）。
LC-017,https://sites.google.com/view/ntust-siph-lab/,2026-08-15T00:00:00+08:00,person,碩二生 鍾宇辰,Person(status=current),people.name_zh（/members 與個人頁）,MIGRATED,,exact text match（四筆姓名皆須存在於 /members）,母站僅提供姓名與年級。英文姓名、研究方向、論文題目母站不存在，依 SAI §2.3 不得推測填入；已以 legacy_pending_detail 標記待補，並經 2026-08-16 管理者裁示同意先行發布（委託人理由：後台管理員可自行補齊；見 docs/adr/ADR-012-legacy-pending-publish-exemption.md）。
LC-018,https://sites.google.com/view/ntust-siph-lab/,2026-08-15T00:00:00+08:00,person,碩二生 陳志翰,Person(status=current),people.name_zh（/members 與個人頁）,MIGRATED,,exact text match（四筆姓名皆須存在於 /members）,母站僅提供姓名與年級。英文姓名、研究方向、論文題目母站不存在，依 SAI §2.3 不得推測填入；已以 legacy_pending_detail 標記待補，並經 2026-08-16 管理者裁示同意先行發布（委託人理由：後台管理員可自行補齊；見 docs/adr/ADR-012-legacy-pending-publish-exemption.md）。
LC-019,https://sites.google.com/view/ntust-siph-lab/,2026-08-15T00:00:00+08:00,embed,Google Calendar 嵌入：台灣假日日曆（agenda 檢視）,—（不搬遷）,—（經核准不搬遷，新站無對應位置）,APPROVED_REMOVE,核准人：研究室管理者（本專案委託人）｜核准日期：2026-08-16｜核准依據：委託人於 2026-08-16 交付前審查的回覆中，就本項目明確表示「沒有很需要」並同意移除（原文與脈絡見 content_signoff.md §2.1）。｜委託人理由：非研究室必要內容。｜技術補充（審查者提供供委託人參考，非委託人本人陳述）：台灣假日日曆屬第三方通用行事曆，與 SAI §3 定義的四類訪客目標皆無關；且將是全站唯一的第三方 iframe，需為其放寬現行 CSP。｜決策依 SAI §22.1 由管理者明確批准，非 Agent 自行省略（ADR-011 / §23.1）。,核准紀錄存於 legacy/google_sites/content_signoff.md,AC-25 要求本項必須有明確 MIGRATED 或 APPROVED_REMOVE 決策，已滿足。
